{"coefficients": [0.7285930566234607, -0.7718929504465151, -0.02655265752759915, -0.37145513225836235, -0.12646440724652747, 0.004950231247587483, -0.07803065397793812, -1.5317599002431137, 0.0026632825164398886, -2.161363375831815, 0.1920992497101696, -0.07803065397793812, 0.2870690328188207], "intercept": 2.446005399397039, "features": ["pclass", "sex", "age", "sibsp", "parch", "fare", "embarked", "class", "who", "adult_male", "deck", "embark_town", "alone"]}